id;name;email;phone_number;address;seva_start_date;seva_end_date;default_rouls;is_valid;created_date;created_by;last_modified_date;last_modified_by
1;Licensed Plastic Computer Gardens Berkshire;Clifford.Goodwin49@hotmail.com;Pizza productize;Stand-alone;2020-09-05T18:57:15;2020-09-05T18:21:02;21552;false;2020-09-05T22:35:35;Lane XML schemas;2020-09-05T21:34:12;Avon Jewelery THX
2;Accounts haptic Turks and Caicos Islands;Miguel_McKenzie@hotmail.com;Saint Martin;Pula Computers;2020-09-05T12:57:43;2020-09-05T22:32:37;57212;false;2020-09-05T14:33:48;Creative Alaska;2020-09-05T09:47:14;Home Loan Account Hat
3;reboot Court;Marlene_Strosin3@yahoo.com;Internal back up maroon;Small Robust;2020-09-05T11:18:06;2020-09-05T19:54:01;21171;true;2020-09-05T02:50:57;programming;2020-09-05T02:34:31;Ergonomic secured line
4;payment value-added;Abner47@hotmail.com;infrastructures Refined Director;Web;2020-09-05T13:27:47;2020-09-05T09:40:32;67787;false;2020-09-05T10:15:41;Road;2020-09-05T12:13:57;Wooden Avon
5;deliverables;Georgette_Gutmann@hotmail.com;programming Movies Berkshire;Industrial Group blue;2020-09-06T00:52:51;2020-09-06T01:57:57;59606;false;2020-09-05T21:50:15;back up open-source Investment Account;2020-09-05T17:00:42;overriding communities viral
6;Cambridgeshire integrated silver;Giovanna.Satterfield@hotmail.com;Home Loan Account Intelligent Fresh Bacon;leading edge next generation;2020-09-05T21:41:52;2020-09-05T14:18:31;78093;true;2020-09-05T04:06:49;Rapid;2020-09-05T09:35:33;Fantastic
7;logistical;Carli64@yahoo.com;withdrawal;Practical Rubber Shoes;2020-09-05T12:12:25;2020-09-05T02:40:37;88585;false;2020-09-05T15:49:02;payment Gorgeous e-services;2020-09-06T00:04:48;Multi-layered
8;Borders;Eino_Rohan61@gmail.com;Lead Generic Cotton Computer;navigate hack Pula;2020-09-05T02:23:26;2020-09-05T23:02:31;67214;true;2020-09-05T05:16:05;silver Jewelery;2020-09-06T01:03:55;Streamlined
9;killer Sleek Fresh Computer;Lucinda92@gmail.com;primary Triple-buffered;Branding;2020-09-05T14:01:45;2020-09-05T03:36:11;60468;true;2020-09-05T04:18:31;redefine models Executive;2020-09-05T14:23:26;Intelligent Ergonomic Wooden Computer black
10;time-frame implementation;Reid_Armstrong@gmail.com;tertiary;deposit;2020-09-06T01:54:51;2020-09-05T17:57:11;95281;false;2020-09-05T09:10:55;Tasty Generic;2020-09-05T15:47:52;backing up
